Client_ID,First Name,Last Name,Phone,Address,City,State,Zip,Latitude,Longitude
C001,Janice,Diaz,717.802.0264,3023 Gray Circle Suite 987,New Codyburgh,VA,23419,37.30628682712517,-77.39420096132406
C002,Barry,Mitchell,001-912-844-8147x632,49516 Hopkins Ports Suite 568,Lake Derek,VA,24252,37.318135529664495,-77.30420005675093
C003,Andrew,Harris,001-287-229-7908,353 Hudson Squares,Lake Tamara,VA,23486,37.638974706969044,-77.61457120887057
C004,Drew,Baker,868.334.0914,6692 Thomas Freeway Apt. 665,South Travis,VA,23849,37.288417427285935,-77.5697791148724
C005,Angelica,White,980-938-9095,41768 Timothy Lake Suite 112,Jeffreyton,VA,23039,37.592204402290236,-77.45647610069955
C006,Kimberly,Peterson,001-448-875-2678,3817 Lawrence Park Apt. 437,Matthewfurt,VA,22573,37.424642992745895,-77.43003273818275
C007,Billy,Davis,+1-607-452-8508,74317 Melissa Haven Apt. 818,West Reginald,VA,24032,37.32658299020486,-77.55281822683244
C008,Cathy,Kelly,813-893-6990,69323 Kathleen Forks,South David,VA,22074,37.26661190718732,-77.61976718098475
C009,Thomas,Fernandez,001-930-432-7140,833 Turner Bypass,East Justinborough,VA,23370,37.627464324867226,-77.43781404838839
C010,Russell,Arnold,763-364-6597,4022 Jacob Ways Apt. 936,Valentinemouth,VA,22421,37.734997467438724,-77.33826220699814
C011,Katelyn,Stanley,(432)659-4428x73023,47270 Phillips Lane Apt. 218,North Alexabury,VA,24282,37.74001032406591,-77.45610264598304
C012,Jerry,Merritt,001-397-257-9326x6606,586 Sabrina Park,South Rebecca,VA,23574,37.724994434202195,-77.31049440088584
C013,Mary,Williams,3338342278,9256 Alejandra Branch Apt. 845,South Ryanton,VA,22509,37.454195990085815,-77.36062600055811
C014,Amanda,Banks,778-200-4817x2604,730 Ryan Villages,New Benjamin,VA,23176,37.55729408758659,-77.56215096699067
C015,Linda,Mccoy,780.863.5869,823 Flores Plaza Apt. 577,North Travis,VA,23491,37.25120630396262,-77.51986358009016
C016,David,Blake,001-855-906-2321x046,69867 Rivera Corners Suite 329,East Rachel,VA,23284,37.59579251707193,-77.63307427102434
C017,Mark,Brown,309.244.9769x04406,761 Edward Extensions Suite 148,Riosside,VA,24000,37.47334817983911,-77.38886782687355
C018,Robert,Allen,8197049816,92163 Larry Avenue,Port Nicholasfort,VA,24522,37.280917468685935,-77.49944706142134
C019,Denise,Mclaughlin,238.926.6026x6775,699 Alan Hills,South Robertaton,VA,24051,37.57448897634452,-77.59416951589375
C020,Victoria,Harrison,+1-752-506-6423x02814,072 Palmer Trace Suite 836,Port Roberthaven,VA,23626,37.389483345769015,-77.3492672647641
C021,Amanda,Mahoney,(352)604-3327x1660,091 Vance Causeway,North Andrewburgh,VA,24015,37.48106450223296,-77.55614680818213
C022,Anthony,Edwards,+1-763-477-8608x1056,78895 Atkins Manor Suite 278,West Jessica,VA,22991,37.43470328828692,-77.33697707566895
C023,Heather,Brown,(862)942-5518,91378 Carrillo Underpass Apt. 413,North Jefferyfort,VA,23195,37.64770985400584,-77.45135615203993
C024,Samuel,Brown,354-251-7349x67004,383 Perez Lane,Garciaside,VA,22456,37.31994934340904,-77.60317143572655
C025,Margaret,Fritz,670-212-0014,590 Coleman Summit,Aliciaton,VA,23900,37.409159205275245,-77.3450001124178
C026,Andrew,Harvey,(523)703-2934,6729 Nguyen Estates Apt. 206,North Edwardville,VA,22425,37.4580939513507,-77.46869232737522
C027,Cheryl,Riley,001-218-968-4390,14108 Jeff Island,East Jeffreystad,VA,24532,37.372051616713065,-77.39451457026357
C028,Joseph,Perez,001-898-734-4997,943 Monica Mountains,New Annachester,VA,23753,37.310435961906464,-77.34355946038414
C029,Norma,Ford,7794966224,3576 King Lock Suite 861,Lewiston,VA,22918,37.440539812701324,-77.32422538734623
C030,Melissa,Kelly,921-570-9897,776 Jeff Ridge Apt. 762,Smithside,VA,23274,37.41348627853408,-77.4993848571219
C031,Rodney,Adams,586.245.4079x770,955 Owens Street Suite 525,Kimberlybury,VA,23570,37.45063075975058,-77.40485103629946
C032,Alexander,Ball,(277)892-8223x004,22154 April Plains Suite 512,West Amanda,VA,24107,37.69908509368808,-77.46025581489621
C033,Elaine,Jacobs,001-558-205-0017x06300,065 Carter Place,Moraside,VA,23441,37.43077440681729,-77.61757282633177
C034,Diana,Oconnor,246.895.0912x34144,9329 Parker Place Apt. 803,Lake Emily,VA,23219,37.37505957622383,-77.37345337025023
C035,Richard,Lane,001-768-912-9799x84163,4867 Cathy Garden,North Sean,VA,24046,37.46163573169747,-77.57679506705392
C036,Christopher,Walters,656-840-8087,4750 Christopher Springs,Keithtown,VA,23904,37.50362296550832,-77.53511776588215
C037,Renee,Ramirez,+1-332-320-3735x2599,47114 Cuevas Heights,West Jenniferborough,VA,24465,37.61206663569048,-77.4204362989077
C038,Janet,Gilbert,359.926.1426x050,5573 Teresa Lock Apt. 495,South Lancemouth,VA,23933,37.282866929321536,-77.36538795663695
C039,Anna,Burke,001-724-469-4549x1868,5203 Timothy Plains,Smithburgh,VA,24627,37.43949471854409,-77.39917390728682
C040,Jeffrey,Vasquez,854-412-5868,3833 Marc Lakes,Port Rebekahhaven,VA,22974,37.358281661574914,-77.58244911029136
C041,Keith,Alvarez,001-696-385-9469x1401,53000 Blevins Meadows,Kaitlynland,VA,24194,37.747115726194,-77.57854276926173
C042,Jacob,Smith,694-204-9934,04951 Stephens Drive Suite 926,Aliciaside,VA,24631,37.604939895828274,-77.64116378939897
C043,Gabriel,Conner,723.881.4810,63478 Jones Path,Edwardsborough,VA,22672,37.4930502457345,-77.43198855695579
C044,Evelyn,Kaufman,508-773-4998,700 Fletcher River,Thomasborough,VA,23062,37.38536157553618,-77.55194932548677
C045,Derek,Smith,(687)607-0771x7773,460 Richardson Streets,Mcguirebury,VA,22524,37.40492813366524,-77.62371475697145
C046,Nicole,Ferguson,2686627665,405 Courtney Green,Josephburgh,VA,23310,37.50787802775793,-77.64962288772823
C047,Jeffrey,Thomas,433-284-3572x40193,42842 Stephanie Square Apt. 395,East Michelle,VA,22566,37.56326964277398,-77.57146295649297
C048,Elizabeth,Walker,+1-396-878-9663x381,198 Sims Turnpike Suite 458,Schwartzberg,VA,24037,37.59496255340627,-77.36228200785173
C049,Brooke,Reynolds,(621)701-5574,23895 Jones Court,Lake Daniel,VA,22281,37.45313250771459,-77.55060889723298
C050,Ronald,Blackburn,(736)932-0675x3416,76104 Phillip Knolls Apt. 120,Wesleyview,VA,24179,37.298100184118105,-77.41632614216074
