Schedule_ID,Staff_ID,Client_ID,Hours_Committed
SCH001,S015,C014,6
SCH002,S012,C038,4
SCH003,S013,C008,2
SCH004,S015,C046,3
SCH005,S003,C010,8
SCH006,S008,C001,6
SCH007,S016,C003,4
SCH008,S008,C004,4
SCH009,S002,C014,6
SCH010,S004,C028,6
SCH011,S019,C004,1
SCH012,S017,C005,6
SCH013,S010,C049,2
SCH014,S011,C020,3
SCH015,S015,C022,5
SCH016,S001,C016,8
SCH017,S002,C021,4
SCH018,S014,C021,5
SCH019,S004,C003,7
SCH020,S004,C036,6
SCH021,S002,C035,7
SCH022,S009,C039,2
SCH023,S004,C031,7
SCH024,S003,C023,7
SCH025,S008,C024,8
SCH026,S004,C042,8
SCH027,S014,C014,7
SCH028,S012,C034,5
SCH029,S020,C034,6
SCH030,S013,C012,5
SCH031,S001,C045,5
SCH032,S017,C029,1
SCH033,S019,C044,2
SCH034,S001,C011,3
SCH035,S018,C021,8
SCH036,S013,C005,3
SCH037,S016,C038,6
SCH038,S017,C003,8
SCH039,S005,C046,3
SCH040,S008,C003,7
SCH041,S008,C002,3
SCH042,S002,C037,1
SCH043,S017,C003,5
SCH044,S016,C036,6
SCH045,S011,C010,3
SCH046,S018,C008,4
SCH047,S001,C017,2
SCH048,S009,C031,1
SCH049,S014,C006,6
SCH050,S014,C026,3
SCH051,S002,C024,7
SCH052,S011,C049,6
SCH053,S020,C012,6
SCH054,S005,C034,3
SCH055,S011,C005,2
SCH056,S004,C039,6
SCH057,S004,C034,7
SCH058,S018,C014,4
SCH059,S010,C035,1
SCH060,S006,C016,3
SCH061,S004,C044,8
SCH062,S016,C029,2
SCH063,S001,C049,6
SCH064,S015,C029,3
SCH065,S012,C003,7
SCH066,S018,C026,2
SCH067,S019,C033,6
SCH068,S012,C043,7
SCH069,S013,C044,1
SCH070,S005,C034,6
SCH071,S018,C034,5
SCH072,S016,C012,4
SCH073,S019,C010,8
SCH074,S003,C032,1
SCH075,S009,C044,6
SCH076,S006,C009,2
SCH077,S006,C038,5
SCH078,S001,C031,2
SCH079,S018,C029,3
SCH080,S018,C019,3
SCH081,S001,C031,1
SCH082,S015,C014,5
SCH083,S005,C038,5
SCH084,S011,C037,2
SCH085,S015,C025,3
SCH086,S004,C021,8
SCH087,S007,C026,1
SCH088,S004,C010,2
SCH089,S002,C013,7
SCH090,S001,C032,4
SCH091,S007,C037,3
SCH092,S013,C017,3
SCH093,S015,C047,4
SCH094,S007,C028,7
SCH095,S004,C009,6
SCH096,S017,C017,1
SCH097,S004,C022,3
SCH098,S015,C046,8
SCH099,S010,C037,8
SCH100,S017,C028,6
