Staff_ID,First Name,Last Name,Address,City,State,Zip,Phone,Role,Max_Weekly_Hours,Latitude,Longitude
S001,Marcus,Wright,157 Andrew Extensions,Padillamouth,VA,23819,(562)423-4612x35399,RN,32,37.25884757921428,-77.33658057279258
S002,Gregory,Lopez,10827 Garcia Forest,North Michelle,VA,22423,001-717-398-8783x5766,RN,26,37.364306368348004,-77.58480055817982
S003,Jennifer,Ortiz,6898 Perez Crossing,Markfort,VA,22207,(302)774-6420x92011,RN,21,37.4454434538232,-77.64948479664007
S004,Paige,White,674 Chase Forks,Jonathanview,VA,24291,001-650-957-9227,PCA,38,37.482831408457564,-77.476555810934
S005,Holly,Vasquez,029 Nguyen Summit Suite 731,Joechester,VA,23590,(415)993-9746,LPN,30,37.354986843123356,-77.32264993865195
S006,Matthew,Smith,18419 Berry Mills Apt. 433,Andreafurt,VA,22175,485-951-5706x51345,PCA,30,37.53363306937818,-77.32941655254996
S007,Brian,Morgan,0772 Hensley Manors,Lake Jasonberg,VA,24575,+1-620-512-8996x29439,RN,37,37.57220404937311,-77.5993609952103
S008,Joshua,Garcia,3097 Park Street,Brooksbury,VA,22870,+1-731-459-2223x86314,RN,38,37.31808746362857,-77.42221319473451
S009,Jeremy,Townsend,933 Alvarez Crossing,Gouldstad,VA,22860,001-420-621-8765x14318,RN,25,37.41409165005253,-77.59179670355022
S010,Justin,Smith,4648 Jason Mills Apt. 394,Port Rebeccaburgh,VA,23201,001-609-905-3614x7513,RN,25,37.49798026155735,-77.47915215269335
S011,Darren,Leon,56203 Anderson Villages Apt. 580,South Joseph,VA,23792,001-840-904-0426x41979,LPN,36,37.66040537995799,-77.51978266152935
S012,Randy,Miller,34092 Rose Ferry Suite 277,Arnoldfurt,VA,23480,+1-831-921-7230,RN,33,37.50047160727706,-77.50288137973095
S013,Catherine,Riley,46188 Ruiz Path Apt. 445,North Michelleton,VA,23508,001-251-808-9734x869,RN,34,37.52861793844482,-77.38251887344775
S014,Alexander,Bray,48740 Williams Well Apt. 435,Shawnmouth,VA,22583,001-868-953-5183x9896,RN,21,37.73069688511972,-77.31157880857597
S015,Nathaniel,Saunders,1986 Alison Drive Suite 165,Brianbury,VA,23007,(472)733-0349,RN,32,37.571575703449845,-77.39846789257338
S016,Melinda,Boyd,372 Diaz Ford Apt. 472,Jacquelineland,VA,22554,(509)516-3039x13169,PCA,25,37.403568154421365,-77.32439459622192
S017,Scott,Bennett,24920 George Cliff Apt. 895,West Marcusfort,VA,23974,(686)325-2277x117,RN,30,37.26620473265647,-77.38707642781459
S018,Helen,Ward,6073 Smith Squares Apt. 755,Brianland,VA,22455,+1-234-504-2385x3549,RN,28,37.693600787716754,-77.44958653462123
S019,Haley,Moore,80820 Austin Dam,Lake Brandon,VA,23089,+1-562-383-2781x403,PCA,20,37.55234362131392,-77.55415991461453
S020,William,Grant,549 Cox Corner Apt. 738,North Jenniferstad,VA,23137,(548)328-8291x5849,RN,23,37.46710340856306,-77.48463424297654
